,movie_title,movie_id,language,poster,popularity,vote_average
0,Godzilla vs. Kong,399566,en,https://image.tmdb.org/t/p/original'/pgqgaUx1cJb5oZQQ5v0tNARCeBp.jpg,123.613,7.618
1,The Woman in the Window,520663,en,https://image.tmdb.org/t/p/original'/wcrjc1uwQaqoqtqi67Su4VCOYo0.jpg,20.96,6.02
2,About Time,122906,en,https://image.tmdb.org/t/p/original'/iR1bVfURbN7r1C46WHFbwCkVve.jpg,54.267,7.918
3,Pretty Woman,114,en,https://image.tmdb.org/t/p/original'/dZXpE4BlesBJwLl53jUJ9mT1Jxr.jpg,56.968,7.5
4,The Handmaiden,290098,ko,https://image.tmdb.org/t/p/original'/dLlH4aNHdnmf62umnInL8xPlPzw.jpg,60.195,8.225
5,Your Name.,372058,ja,https://image.tmdb.org/t/p/original'/q719jXXEzOoYaps6babgKnONONX.jpg,98.286,8.495
6,Horimiya,816363,ja,https://image.tmdb.org/t/p/original'/mOcLC8yEbiMXs82w3dKtkl72Zr8.jpg,7.387,9.0
7,5 Centimeters per Second,38142,ja,https://image.tmdb.org/t/p/original'/dFipUR6W0y3PPkuVS8gjFd929m2.jpg,37.434,7.3
8,Hello World,604605,ja,https://image.tmdb.org/t/p/original'/vmizP4G4EWsxNf6PLOvGNaFJ89Y.jpg,19.758,7.3
9,Flavors of Youth,513347,zh,https://image.tmdb.org/t/p/original'/ueHeH5ergeHx27L4SCI9qlmwczA.jpg,27.226,6.9
10,"Definitely, Maybe",8390,en,https://image.tmdb.org/t/p/original'/oUdcZfd8r6HZRVIQeaTU0XtQFeQ.jpg,26.127,6.93
11,Luca,508943,en,https://image.tmdb.org/t/p/original'/jTswp6KyDYKtvC52GbHagrZbGvD.jpg,89.711,7.8
12,Call Me by Your Name,398818,en,https://image.tmdb.org/t/p/original'/mZ4gBdfkhP9tvLH1DO4m4HYtiyi.jpg,64.968,8.144
13,Brokeback Mountain,142,en,https://image.tmdb.org/t/p/original'/5UZ283LuT8ClE4Iqw3u4gGZizab.jpg,50.859,7.8
14,Django Unchained,68718,en,https://image.tmdb.org/t/p/original'/7oWY8VDWW7thTzWh3OKYRkWUlD5.jpg,201.727,8.179
15,War of the Worlds,74,en,https://image.tmdb.org/t/p/original'/6Biy7R9LfumYshur3YKhpj56MpB.jpg,150.2,6.508
16,Planet of the Apes,869,en,https://image.tmdb.org/t/p/original'/2IZcJHsTugOdyg0Y8ejj4CM2X3a.jpg,211.816,5.746
17,The Suicide Squad,436969,en,https://image.tmdb.org/t/p/original'/kb4s0ML0iVZlG6wAKbbs9NAm6X.jpg,237.262,7.523
18,Why Him?,356305,en,https://image.tmdb.org/t/p/original'/eezFoKz7bXgdbjeieeCYJFXPKSu.jpg,25.314,6.371
19,The 40 Year Old Virgin,6957,en,https://image.tmdb.org/t/p/original'/mVeoqL37gzhMXQVpONi9DGOQ3tZ.jpg,41.913,6.398
20,Tower Heist,59108,en,https://image.tmdb.org/t/p/original'/1HcOyMODYZXnncMikfhYkw3x2ss.jpg,34.242,6.095
21,This Is 40,89492,en,https://image.tmdb.org/t/p/original'/mzUuOIFoVkRTHACRb58vm6mkbBN.jpg,34.269,5.873
22,Ant-Man,102899,en,https://image.tmdb.org/t/p/original'/rQRnQfUl3kfp78nCWq8Ks04vnq1.jpg,76.381,7.078
23,Snatch,107,en,https://image.tmdb.org/t/p/original'/56mOJth6DJ6JhgoE2jtpilVqJO.jpg,83.611,7.811
24,The Dark Knight,155,en,https://image.tmdb.org/t/p/original'/qJ2tW6WMUDux911r6m7haRef0WH.jpg,112.942,8.515
25,Birds of Prey (and the Fantabulous Emancipation of One Harley Quinn),495764,en,https://image.tmdb.org/t/p/original'/h4VB6m0RwcicVEZvzftYZyKXs6K.jpg,62.967,6.928
26,The Big Short,318846,en,https://image.tmdb.org/t/p/original'/isuQWbJPbjybBEWdcCaBUPmU0XO.jpg,35.168,7.354
27,The Girl Next Door,10591,en,https://image.tmdb.org/t/p/original'/5mVyFHSY2rSsNgD4NfEwV82HigU.jpg,49.792,6.722
28,Serendipity,9778,en,https://image.tmdb.org/t/p/original'/srCE5lEIjVEG5eqWg9JcjZCK1aQ.jpg,26.301,6.931
29,Arrival,329865,en,https://image.tmdb.org/t/p/original'/pEzNVQfdzYDzVK0XqxERIw2x2se.jpg,374.666,7.602
30,There's Something About Mary,544,en,https://image.tmdb.org/t/p/original'/g03pwohXHOI75InM3zraiaEGguO.jpg,38.655,6.599
31,Catch Me If You Can,640,en,https://image.tmdb.org/t/p/original'/ctjEj2xM32OvBXCq8zAdK3ZrsAj.jpg,65.658,7.976
32,Cast Away,8358,en,https://image.tmdb.org/t/p/original'/7lLJgKnAicAcR5UEuo8xhSMj18w.jpg,50.402,7.666
33,Maurice,26371,en,https://image.tmdb.org/t/p/original'/4MI2y8XViPrDiKs1p0QC4bTeZzf.jpg,20.748,7.6
34,About Time,122906,en,https://image.tmdb.org/t/p/original'/iR1bVfURbN7r1C46WHFbwCkVve.jpg,54.267,7.918
35,How to Lose a Guy in 10 Days,9919,en,https://image.tmdb.org/t/p/original'/2dlftyPz7mTYbrsPvTogyFmYd7d.jpg,37.121,6.786
36,In Time,49530,en,https://image.tmdb.org/t/p/original'/3Mwj2sIONQckOZP3YwsUXF7U5I4.jpg,65.726,6.969
37,Upside Down,58244,en,https://image.tmdb.org/t/p/original'/2Td1nknvCcpc03EtgKULNH2PEjI.jpg,24.145,6.275
38,Free Guy,550988,en,https://image.tmdb.org/t/p/original'/xmbU4JTUm8rsdtn7Y3Fcm30GpeT.jpg,247.828,7.509
39,Jumper,8247,en,https://image.tmdb.org/t/p/original'/3pPZ9JhNz3VMmASVir5SMHvTDUU.jpg,45.117,6.146
40,The Other Woman,193610,en,https://image.tmdb.org/t/p/original'/yHnbb6z8REuFIyBLT2Nj3MX54dY.jpg,26.094,6.421
41,The Lorax,73723,en,https://image.tmdb.org/t/p/original'/tePFnZFw5JvjwjQjaKkqDPNMLPU.jpg,95.663,6.495
42,Jurassic World,135397,en,https://image.tmdb.org/t/p/original'/A0LZHXUzo5C60Oahvt7VxvwuzHw.jpg,92.888,6.688
43,Blade Runner 2049,335984,en,https://image.tmdb.org/t/p/original'/gajva2L0rPYkEWjzgFlBXCAVBE5.jpg,112.801,7.56
44,Fight Club,550,en,https://image.tmdb.org/t/p/original'/pB8BM7pdSp6B6Ih7QZ4DrQ3PmJK.jpg,248.782,8.441
45,Meet Joe Black,297,en,https://image.tmdb.org/t/p/original'/fDPAjvfPMomkKF7cMRmL5Anak61.jpg,63.042,7.334
46,Mr. & Mrs. Smith,787,en,https://image.tmdb.org/t/p/original'/wzIO3ytxeSNt1wRpXLIdkNbGoDm.jpg,50.512,6.683
47,Train to Busan,396535,ko,https://image.tmdb.org/t/p/original'/vNVFt6dtcqnI7hqa6LFBUibuFiw.jpg,87.514,7.753
48,Downsizing,301337,en,https://image.tmdb.org/t/p/original'/5bNzInSSAXfr0MFlHfb4IoQePVx.jpg,279.498,5.35
49,Corpse Bride,3933,en,https://image.tmdb.org/t/p/original'/isb2Qow76GpqYmsSyfdMfsYAjts.jpg,77.935,7.553
50,Miss Congeniality,1493,en,https://image.tmdb.org/t/p/original'/q1m9ME0zvncnFDmKXC43RqZr8mU.jpg,27.053,6.523
51,Nightcrawler,242582,en,https://image.tmdb.org/t/p/original'/j9HrX8f7GbZQm1BrBiR40uFQZSb.jpg,60.717,7.707
52,Ciao Alberto,876716,en,https://image.tmdb.org/t/p/original'/9RKPB9IKDHaTxWQgjkS4IJao08a.jpg,29.361,7.4
53,The Simpsons in Plusaversary,877183,en,https://image.tmdb.org/t/p/original'/p5jzbffrXuBTjsiwrQ3aOMTrvCj.jpg,29.092,6.533
54,The Irishman,398978,en,https://image.tmdb.org/t/p/original'/mbm8k3GFhXS0ROd9AD1gqYbIFbM.jpg,243.601,7.6
55,Dune,438631,en,https://image.tmdb.org/t/p/original'/d5NXSklXo0qyIYkgV94XAgMIckC.jpg,486.363,7.781
56,Shang-Chi and the Legend of the Ten Rings,566525,en,https://image.tmdb.org/t/p/original'/1BIoJGKbXjdFDAqUEiA2VHqkK1Z.jpg,89.281,7.557
57,Venom: Let There Be Carnage,580489,en,https://image.tmdb.org/t/p/original'/1MJNcPZy46hIy2CmSqOeru0yr5C.jpg,104.095,6.799
58,The Shawshank Redemption,278,en,https://image.tmdb.org/t/p/original'/9cqNxx0GxF0bflZmeSMuL5tnGzr.jpg,140.63,8.7
59,Eternals,524434,en,https://image.tmdb.org/t/p/original'/lFByFSLV5WDJEv3KabbdAF959F2.jpg,61.493,6.88
60,Spider-Man,557,en,https://image.tmdb.org/t/p/original'/gh4cZbhZxyTbgxQPxD0dOudNPTn.jpg,113.501,7.296
61,Spider-Man 2,558,en,https://image.tmdb.org/t/p/original'/olxpyq9kJAZ2NU1siLshhhXEPR7.jpg,40.44,7.273
62,Spider-Man 3,559,en,https://image.tmdb.org/t/p/original'/qFmwhVUoUSXjkKRmca5yGDEXBIj.jpg,95.353,6.418
63,Chef,212778,en,https://image.tmdb.org/t/p/original'/yMtKHR6VG1Yagvv5F7IFpsGBm66.jpg,29.238,7.112
64,Howl's Moving Castle,4935,ja,https://image.tmdb.org/t/p/original'/6pZgH10jhpToPcf0uvyTCPFhWpI.jpg,108.841,8.409
65,Inglourious Basterds,16869,en,https://image.tmdb.org/t/p/original'/7sfbEnaARXDDhKm0CZ7D7uc2sbo.jpg,125.085,8.218
66,1917,530915,en,https://image.tmdb.org/t/p/original'/iZf0KyrE25z1sage4SYFLCCrMi9.jpg,47.986,7.993
67,Romy and Michele's High School Reunion,9611,en,https://image.tmdb.org/t/p/original'/etg1pHDwJfWbr5XeOkVxErjBRld.jpg,21.115,6.206
68,Team Thor,413279,en,https://image.tmdb.org/t/p/original'/jVSmX89BvsQV2z3wh2IVYVNVw1a.jpg,11.067,7.289
69,The Revenant,281957,en,https://image.tmdb.org/t/p/original'/tSaBkriE7TpbjFoQUFXuikoz0dF.jpg,49.08,7.532
70,Trixie Mattel: Moving Parts,589367,en,https://image.tmdb.org/t/p/original'/dRP8bHtrV2lTITjSpFKptuqR2Gq.jpg,6.369,6.777
71,Edward Scissorhands,162,en,https://image.tmdb.org/t/p/original'/e0FqKFvGPdQNWG8tF9cZBtev9Em.jpg,63.739,7.717
72,Encanto,568124,en,https://image.tmdb.org/t/p/original'/4j0PNHkMr5ax3IA8tjtxcmPU3QT.jpg,135.294,7.605
73,The Unholy,632357,en,https://image.tmdb.org/t/p/original'/bShgiEQoPnWdw4LBrYT5u18JF34.jpg,36.336,6.612
74,The Silence of the Lambs,274,en,https://image.tmdb.org/t/p/original'/uS9m8OBk1A8eM9I042bx8XXpqAq.jpg,15.477,8.348
75,Spider-Man: No Way Home,634649,en,https://image.tmdb.org/t/p/original'/1g0dhYtq4irTY1GPXvft6k4YLjm.jpg,277.357,7.967
76,Scream,646385,en,https://image.tmdb.org/t/p/original'/1m3W6cpgwuIyjtg5nSnPx7yFkXW.jpg,83.966,6.7
77,Call Me by Your Name,398818,en,https://image.tmdb.org/t/p/original'/mZ4gBdfkhP9tvLH1DO4m4HYtiyi.jpg,64.968,8.144
78,Moonfall,406759,en,https://image.tmdb.org/t/p/original'/odVv1sqVs0KxBXiA8bhIBlPgalx.jpg,74.829,6.329
79,Death on the Nile,505026,en,https://image.tmdb.org/t/p/original'/kVr5zIAFSPRQ57Y1zE7KzmhzdMQ.jpg,48.218,6.431
80,Ratatouille,2062,en,https://image.tmdb.org/t/p/original'/t3vaWRPSf6WjDSamIkKDs1iQWna.jpg,114.424,7.82
81,Don't Look Up,646380,en,https://image.tmdb.org/t/p/original'/th4E1yqsE8DGpAseLiUrI60Hf8V.jpg,146.458,7.102
82,Orphan,21208,en,https://image.tmdb.org/t/p/original'/lCGpOgoTOGLtZnBiGY9HRg5Xnjd.jpg,67.43,6.999
83,Gone Girl,210577,en,https://image.tmdb.org/t/p/original'/lv5xShBIDPe7m4ufdlV0IAc7Avk.jpg,86.689,7.892
84,Clueless,9603,en,https://image.tmdb.org/t/p/original'/8AwVTcgpTnmeOs4TdTWqcFDXEsA.jpg,144.884,7.279
85,All the Bright Places,342470,en,https://image.tmdb.org/t/p/original'/4SafxuMKQiw4reBiWKVZJpJn80I.jpg,30.328,7.652
86,Doctor Strange in the Multiverse of Madness,453395,en,https://image.tmdb.org/t/p/original'/9Gtg2DzBhmYamXBS1hKAhiwbBKS.jpg,111.825,7.304
87,Everything Everywhere All at Once,545611,en,https://image.tmdb.org/t/p/original'/w3LxiVYdWWRvEVdn5RYq6jIqkb1.jpg,75.851,7.791
88,The Sea Beast,560057,en,https://image.tmdb.org/t/p/original'/9Zfv4Ap1e8eKOYnZPtYaWhLkk0d.jpg,40.263,7.37
89,The Impossible,80278,en,https://image.tmdb.org/t/p/original'/1kBYwWu24QKf47mumWEIAzo5tIu.jpg,33.344,7.368
90,Thor: Love and Thunder,616037,en,https://image.tmdb.org/t/p/original'/pIkRyD18kl4FhoCNQuWxWu5cBLM.jpg,202.281,6.466
91,What We Do in the Shadows,246741,en,https://image.tmdb.org/t/p/original'/a2rD3i3DBMeYbA34rBv6z3B9S3a.jpg,23.531,7.573
92,The Last Witch Hunter,274854,en,https://image.tmdb.org/t/p/original'/qXvOpA2nhK5HQ6I95sN3nnMtfjH.jpg,42.289,5.958
93,The Billionaire,77094,th,https://image.tmdb.org/t/p/original'/gjolEycpddEirN0Tui92Zglprhb.jpg,9.702,7.3
94,Prometheus,70981,en,https://image.tmdb.org/t/p/original'/m7nZCtHJyDLncBUarfM5h5mrppx.jpg,227.437,6.552
95,Alien: Covenant,126889,en,https://image.tmdb.org/t/p/original'/zecMELPbU5YMQpC81Z8ImaaXuf9.jpg,364.891,6.111
96,Cloverfield,7191,en,https://image.tmdb.org/t/p/original'/qIegUGJqyMMCRjkKV1s7A9MqdJ8.jpg,86.436,6.684
97,Juno,7326,en,https://image.tmdb.org/t/p/original'/jNIn2tVhpvFD6P9IojldI3mNYcn.jpg,39.163,7.054
98,Alien,348,en,https://image.tmdb.org/t/p/original'/vfrQk5IPloGg1v9Rzbh2Eg3VGyM.jpg,417.155,8.154
99,Ghost,251,en,https://image.tmdb.org/t/p/original'/w9RaPHov8oM5cnzeE27isnFMsvS.jpg,80.115,7.212
100,The Perks of Being a Wallflower,84892,en,https://image.tmdb.org/t/p/original'/aKCvdFFF5n80P2VdS7d8YBwbCjh.jpg,44.459,7.792
101,The Notebook,11036,en,https://image.tmdb.org/t/p/original'/rNzQyW4f8B8cQeg7Dgj3n6eT5k9.jpg,72.95,7.888
102,Her,152601,en,https://image.tmdb.org/t/p/original'/lEIaL12hSkqqe83kgADkbUqEnvk.jpg,162.11,7.857
103,The Terminal,594,en,https://image.tmdb.org/t/p/original'/pXNomqKcKXAQbuWxehb2N3XFKfn.jpg,50.18,7.341
104,Can You Keep a Secret?,537739,en,https://image.tmdb.org/t/p/original'/7QtCOlHESPEYtFANmd4yLqsYKZ4.jpg,21.822,6.455
105,The Interview,228967,en,https://image.tmdb.org/t/p/original'/tIDC4xT65l7a8qbgg8GvwD5g8c5.jpg,58.081,6.186
106,Wanted,8909,en,https://image.tmdb.org/t/p/original'/9ajbORY7zQrdxlMF2QPfIqTLfg7.jpg,41.432,6.518
107,The Guardians of the Galaxy Holiday Special,774752,en,https://image.tmdb.org/t/p/original'/8dqXyslZ2hv49Oiob9UjlGSHSTR.jpg,36.023,7.172
108,Me Before You,296096,en,https://image.tmdb.org/t/p/original'/Ia3dzj5LnCj1ZBdlVeJrbKJQxG.jpg,122.319,7.926
109,A Star Is Born,332562,en,https://image.tmdb.org/t/p/original'/wrFpXMNBRj2PBiN4Z5kix51XaIZ.jpg,46.98,7.501
110,District 9,17654,en,https://image.tmdb.org/t/p/original'/tuGlQkqLxnodDSk6mp5c2wvxUEd.jpg,44.943,7.441
111,The Hateful Eight,273248,en,https://image.tmdb.org/t/p/original'/jIywvdPjia2t3eKYbjVTcwBQlG8.jpg,41.872,7.75
112,Guillermo del Toro's Pinocchio,555604,en,https://image.tmdb.org/t/p/original'/vx1u0uwxdlhV2MUzj4VlcMB0N6m.jpg,40.223,8.113
113,Glass Onion: A Knives Out Mystery,661374,en,https://image.tmdb.org/t/p/original'/vDGr1YdrlfbU9wxTOdpf3zChmv9.jpg,112.331,7.048
114,White Noise,744594,en,https://image.tmdb.org/t/p/original'/1a48bfLQm57ByADdw05uRMoFCZc.jpg,17.551,5.577
115,It's a Wonderful Life,1585,en,https://image.tmdb.org/t/p/original'/bSqt9rhDZx1Q7UZ86dBPKdNomp2.jpg,42.03,8.271
116,Manchester by the Sea,334541,en,https://image.tmdb.org/t/p/original'/e8daDzP0vFOnGyKmve95Yv0D0io.jpg,111.927,7.546
117,10 Things I Hate About You,4951,en,https://image.tmdb.org/t/p/original'/ujERk3aKABXU3NDXOAxEQYTHe9A.jpg,55.382,7.588
118,The Shape of Water,399055,en,https://image.tmdb.org/t/p/original'/9zfwPffUXpBrEP26yp0q1ckXDcj.jpg,99.969,7.247
119,Okja,387426,en,https://image.tmdb.org/t/p/original'/pHlRr2MfjK77VIIAO7p0R4jhsJI.jpg,153.445,7.37
120,The Hatchet Wielding Hitchhiker,1061117,en,https://image.tmdb.org/t/p/original'/kqLloC5n66fLvhlWtZBr8h4SVF6.jpg,9.482,6.189
121,Ingrid Goes West,411741,en,https://image.tmdb.org/t/p/original'/3LEyW11onDltXHo0L1X23j9Nnvg.jpg,22.448,6.433
122,Oldboy,670,ko,https://image.tmdb.org/t/p/original'/pWDtjs568ZfOTMbURQBYuT4Qxka.jpg,48.538,8.256
123,Tom of Finland,405204,fi,https://image.tmdb.org/t/p/original'/9I1qNliGbbfKoZleqSHB9wV8kku.jpg,12.861,6.7
124,Swiss Army Man,347031,en,https://image.tmdb.org/t/p/original'/8pxn8CQ6SD6tly75lrKw08wfZKv.jpg,23.563,6.929
125,The Lighthouse,503919,en,https://image.tmdb.org/t/p/original'/3nk9UoepYmv1G9oP18q6JJCeYwN.jpg,33.989,7.515
126,Palm Springs,587792,en,https://image.tmdb.org/t/p/original'/yf5IuMW6GHghu39kxA0oFx7Bxmj.jpg,105.328,7.331
127,Kill Bill: Vol. 2,393,en,https://image.tmdb.org/t/p/original'/2yhg0mZQMhDyvUQ4rG1IZ4oIA8L.jpg,50.541,7.879
128,Kill Bill: Vol. 1,24,en,https://image.tmdb.org/t/p/original'/v7TaX8kXMXs5yFFGR41guUDNcnB.jpg,65.921,7.971
129,The Boy in the Striped Pyjamas,14574,en,https://image.tmdb.org/t/p/original'/sLwYSEVVV3r047cjrpRAbGgNsfL.jpg,89.218,7.84
130,Good Will Hunting,489,en,https://image.tmdb.org/t/p/original'/bABCBKYBK7A5G1x0FzoeoNfuj2.jpg,280.486,8.156
131,Coraline,14836,en,https://image.tmdb.org/t/p/original'/4jeFXQYytChdZYE9JYO7Un87IlW.jpg,132.641,7.87
132,The Secret Life of Walter Mitty,116745,en,https://image.tmdb.org/t/p/original'/tY6ypjKOOtujhxiSwTmvA4OZ5IE.jpg,48.404,7.2
133,Ex Machina,264660,en,https://image.tmdb.org/t/p/original'/aeJS3OXnp7d17QSoMdglZERwCkM.jpg,246.192,7.573
134,28 Days Later,170,en,https://image.tmdb.org/t/p/original'/sQckQRt17VaWbo39GIu0TMOiszq.jpg,49.81,7.214
135,Blades of Glory,9955,en,https://image.tmdb.org/t/p/original'/yclY3zyzrL1MS9b6Eygs9ks0ZTY.jpg,23.549,6.1
136,Rope,1580,en,https://image.tmdb.org/t/p/original'/9ar6rxLDB8kagAnXZKn6h9smscr.jpg,28.64,7.956
137,Just Like Heaven,9007,en,https://image.tmdb.org/t/p/original'/2cLbyVNhEEaUJGg7rfbLtX6454I.jpg,32.895,6.946
138,Hacksaw Ridge,324786,en,https://image.tmdb.org/t/p/original'/wuz8TjCIWR2EVVMuEfBnQ1vuGS3.jpg,223.892,8.194
139,Zoolander,9398,en,https://image.tmdb.org/t/p/original'/qdrbSneHZjJG2Dj0hhBxzzAo4HB.jpg,26.194,6.2
140,Burn After Reading,4944,en,https://image.tmdb.org/t/p/original'/jdwSkQu3XirmX18MNj8CqFWsCk.jpg,29.224,6.65
141,The Devil Wears Prada,350,en,https://image.tmdb.org/t/p/original'/8912AsVuS7Sj915apArUFbv6F9L.jpg,77.696,7.395
142,The Intouchables,77338,fr,https://image.tmdb.org/t/p/original'/1QU7HKgsQbGpzsJbJK4pAVQV9F5.jpg,52.244,8.3
143,Groundhog Day,137,en,https://image.tmdb.org/t/p/original'/gCgt1WARPZaXnq523ySQEUKinCs.jpg,43.52,7.609
144,Julie & Julia,24803,en,https://image.tmdb.org/t/p/original'/r1bFBBj3VMek0oEtgm9N51OqVjF.jpg,18.011,6.699
145,The Dictator,76493,en,https://image.tmdb.org/t/p/original'/n0W7kajF4GFMRk2c0wWwMQqTaDM.jpg,32.909,6.19
146,All Quiet on the Western Front,49046,de,https://image.tmdb.org/t/p/original'/2IRjbi9cADuDMKmHdLK7LaqQDKA.jpg,73.374,7.739
147,Monty Python and the Holy Grail,762,en,https://image.tmdb.org/t/p/original'/xZ0rC0kuIsjk6RncpNK73kwstEP.jpg,37.166,7.805
148,"Girl, Interrupted",3558,en,https://image.tmdb.org/t/p/original'/dOBdatHIVppvmRFw2z7bf9VKJr9.jpg,39.543,7.6
149,Life of Brian,583,en,https://image.tmdb.org/t/p/original'/lSSA64WF0M0BXnjwr2quMh6shCl.jpg,70.693,7.762
150,Don't Look Up,646380,en,https://image.tmdb.org/t/p/original'/th4E1yqsE8DGpAseLiUrI60Hf8V.jpg,146.458,7.102
151,This Is the End,109414,en,https://image.tmdb.org/t/p/original'/7Wdc3etyBJA4432TYtz6n9GQd1c.jpg,39.249,6.222
152,Black Panther: Wakanda Forever,505642,en,https://image.tmdb.org/t/p/original'/sv1xJUazXeYqALzczSZ3O6nkH75.jpg,250.057,7.127
153,Love Actually,508,en,https://image.tmdb.org/t/p/original'/1ODdWLpyOnIVl0l67GrdaFDlJGf.jpg,97.194,7.116
154,Marry Me,615904,en,https://image.tmdb.org/t/p/original'/ko1JVbGj4bT8IhCWqjBQ6ZtF2t.jpg,23.761,6.69
155,Mickey Blue Eyes,10154,en,https://image.tmdb.org/t/p/original'/5nIqLKEhWdA2QpzyaI2sbsTPaxP.jpg,14.196,5.664
156,Death Takes a Holiday,37215,en,https://image.tmdb.org/t/p/original'/becYmbZXZalAvxNC4JVpQSjvqtk.jpg,5.648,6.3
157,Ocean's Eight,402900,en,https://image.tmdb.org/t/p/original'/MvYpKlpFukTivnlBhizGbkAe3v.jpg,234.251,6.984
158,T√ÅR,817758,en,https://image.tmdb.org/t/p/original'/dRVAlaU0vbG6hMf2K45NSiIyoUe.jpg,26.752,7.106
159,The Meyerowitz Stories,396398,en,https://image.tmdb.org/t/p/original'/c9teDTgwxgnb7wnZjZo4oNcF80R.jpg,23.538,6.45
160,October Sky,13466,en,https://image.tmdb.org/t/p/original'/pBejcCxQ3WQW0cWmgjpFOoLWMuS.jpg,20.601,7.649
161,"tick, tick... BOOM!",537116,en,https://image.tmdb.org/t/p/original'/DPmfcuR8fh8ROYXgdjrAjSGA0o.jpg,28.208,7.666
162,Your Name Engraved Herein,719410,zh,https://image.tmdb.org/t/p/original'/m3y8B4beaYjGltS7G2zltURfaUD.jpg,26.217,7.9
163,National Treasure,2059,en,https://image.tmdb.org/t/p/original'/pxL6E4GBOPUG6CdkO9cUQN5VMwI.jpg,40.569,6.633
164,Burning,813106,en,https://image.tmdb.org/t/p/original'/hxGv1O2W5SOJTmiBc45CL842mrx.jpg,0.781,6.0
165,Black Widow,497698,en,https://image.tmdb.org/t/p/original'/kwB7d51AIcyzPOBOHLCEZJkmPhQ.jpg,278.285,7.256
166,The Proposal,18240,en,https://image.tmdb.org/t/p/original'/aEqtJDj8MvSDQwzggvcOfFTZMw.jpg,53.556,7.141
167,My Cousin Vinny,10377,en,https://image.tmdb.org/t/p/original'/z5RexWgSjQxa008MkAmi6LLZbjq.jpg,29.583,7.501
168,Ant-Man and the Wasp: Quantumania,640146,en,https://image.tmdb.org/t/p/original'/qnqGbB22YJ7dSs4o6M7exTpNxPz.jpg,91.331,6.35
169,Nope,762504,en,https://image.tmdb.org/t/p/original'/AcKVlWaNVVVFQwro3nLXqPljcYA.jpg,44.133,6.854
170,Soul,508442,en,https://image.tmdb.org/t/p/original'/hm58Jw4Lw8OIeECIq5qyPYhAeRJ.jpg,83.033,8.132
171,Punch-Drunk Love,8051,en,https://image.tmdb.org/t/p/original'/vT2CXIsVKoGl0DZ8USwLWzEFznI.jpg,34.093,7.142
172,Grease,621,en,https://image.tmdb.org/t/p/original'/czVhhAaSBFpakur7U8pOIDV9NUG.jpg,297.896,7.4
173,RED,39514,en,https://image.tmdb.org/t/p/original'/8eeK3OB5PeSRQD7BpZcGZKkehG.jpg,35.068,6.698
174,Cars 2,49013,en,https://image.tmdb.org/t/p/original'/okIz1HyxeVOMzYwwHUjH2pHi74I.jpg,97.202,6.116
175,Kingsman: The Secret Service,207703,en,https://image.tmdb.org/t/p/original'/r6q9wZK5a2K51KFj4LWVID6Ja1r.jpg,97.801,7.634
176,Kingsman: The Golden Circle,343668,en,https://image.tmdb.org/t/p/original'/34xBL6BXNYFqtHO9zhcgoakS4aP.jpg,84.012,6.968
177,The Emperor's New Groove,11688,en,https://image.tmdb.org/t/p/original'/wwbgkXQBEKtnyIJapk6gUgWkVw8.jpg,104.382,7.6
178,Onward,508439,en,https://image.tmdb.org/t/p/original'/f4aul3FyD3jv3v4bul1IrkWZvzq.jpg,48.361,7.696
179,The Avengers,24428,en,https://image.tmdb.org/t/p/original'/RYMX2wcKCBAr24UyPD7xwmjaTn.jpg,168.632,7.714
180,Die Beautiful,418378,tl,https://image.tmdb.org/t/p/original'/fKsONTEt8vI4XOntWLm0gyrZ9h4.jpg,3.065,6.6
181,Being John Malkovich,492,en,https://image.tmdb.org/t/p/original'/vKVUsumbCzK5Kn3aDpKM4EizKCA.jpg,28.584,7.412
182,John Wick,245891,en,https://image.tmdb.org/t/p/original'/fZPSd91yGE9fCcCe6OoQr6E3Bev.jpg,101.591,7.43
183,John Wick: Chapter 2,324552,en,https://image.tmdb.org/t/p/original'/hXWBc0ioZP3cN4zCu6SN3YHXZVO.jpg,88.303,7.326
184,John Wick: Chapter 3 - Parabellum,458156,en,https://image.tmdb.org/t/p/original'/ziEuG1essDuWuC5lpWUaw1uXY2O.jpg,84.665,7.441
185,The Panti Sisters,622327,tl,https://image.tmdb.org/t/p/original'/5G8nxJhvT9cUyrxLIvKleKqrA0g.jpg,5.52,5.1
186,The Unbearable Weight of Massive Talent,648579,en,https://image.tmdb.org/t/p/original'/aqhLeieyTpTUKPOfZ3jzo2La0Mq.jpg,33.798,6.772
187,Heneral Luna,359105,tl,https://image.tmdb.org/t/p/original'/vCwbsgkdzpgTADyaa3g4jaWVAaR.jpg,8.669,7.6
188,Goyo: The Boy General,522449,tl,https://image.tmdb.org/t/p/original'/fZuIWrzsqoeVlyWBJIek8crGSFz.jpg,10.51,6.9
189,The Fabulous Filipino Brothers,644102,en,https://image.tmdb.org/t/p/original'/a2KwBZqjyhBmWFmifZWJS8UO2M1.jpg,2.354,6.5
190,Markova: Comfort Gay,217428,tl,https://image.tmdb.org/t/p/original'/tQCfke11UF27R5klVHQlAicBqvh.jpg,4.11,6.3
191,Pinoy Sunday,48401,zh,https://image.tmdb.org/t/p/original'/v7Zrr7mLLASUpMWy47t8ppjB8Ca.jpg,1.107,4.5
192,My 2 Mommies,524132,tl,https://image.tmdb.org/t/p/original'/dfzclLGJJFJF9pNL47YvOekY2on.jpg,0.75,5.5
193,Avatar: The Way of Water,76600,en,https://image.tmdb.org/t/p/original'/t6HIqrRAclMCA60NsSmeqe9RmNV.jpg,253.176,7.625
194,You Don't Mess with the Zohan,10661,en,https://image.tmdb.org/t/p/original'/gBhLQmpCPoKFMCGsulMbIFzrBID.jpg,51.465,5.706
195,Stowaway,559581,en,https://image.tmdb.org/t/p/original'/yOscLK7KzEPDdi1P8RmevGIjOSp.jpg,21.102,5.98
196,War for the Planet of the Apes,281338,en,https://image.tmdb.org/t/p/original'/mMA1qhBFgZX8O36qPPTC016kQl1.jpg,310.494,7.194
197,Dawn of the Planet of the Apes,119450,en,https://image.tmdb.org/t/p/original'/kScdQEwS9jPEdnO23XjGAtaoRcT.jpg,364.89,7.323
198,Rise of the Planet of the Apes,61791,en,https://image.tmdb.org/t/p/original'/cjLsuP75UDlRdJVMXzXg3TJ4umX.jpg,259.367,7.318
199,Inception,27205,en,https://image.tmdb.org/t/p/original'/oYuLEt3zVCKq57qu2F8dT7NIa6f.jpg,379.523,8.368
200,The Nice Guys,290250,en,https://image.tmdb.org/t/p/original'/uXdQztKoAtx7UU3RvqeF52KsoQP.jpg,113.701,7.115
201,My Super Ex-Girlfriend,4474,en,https://image.tmdb.org/t/p/original'/vs4jcY5NQA24zFGihY2EiqEA5hI.jpg,26.202,5.101
202,Hunger,1090501,en,https://image.tmdb.org/t/p/original'None,0.045,0.0
203,Django Unchained,68718,en,https://image.tmdb.org/t/p/original'/7oWY8VDWW7thTzWh3OKYRkWUlD5.jpg,201.727,8.179
204,Train to Busan,396535,ko,https://image.tmdb.org/t/p/original'/vNVFt6dtcqnI7hqa6LFBUibuFiw.jpg,87.514,7.753
205,"I, Robot",2048,en,https://image.tmdb.org/t/p/original'/efwv6F2lGaghjPpBRSINHtoEiZB.jpg,49.599,6.946
206,Transformers,1858,en,https://image.tmdb.org/t/p/original'/1P7w3AImoEOWJX7nn3fdaKDfEQA.jpg,19.972,6.797
207,Turning Red,508947,en,https://image.tmdb.org/t/p/original'/qsdjk9oAKSQMWs0Vt5Pyfh6O4GZ.jpg,430.055,7.389
208,The Intern,257211,en,https://image.tmdb.org/t/p/original'/9UoAC9tu8kIyRy8AcJnGhnH0gOH.jpg,49.933,7.208
209,Borat Subsequent Moviefilm,740985,en,https://image.tmdb.org/t/p/original'/3L1Ml5RWjFVfVq3rQENvgFymT0U.jpg,59.854,6.462
210,Bullet Train,718930,en,https://image.tmdb.org/t/p/original'/j8szC8OgrejDQjjMKSVXyaAjw3V.jpg,95.452,7.473
211,John Wick: Chapter 4,603692,en,https://image.tmdb.org/t/p/original'/vZloFAK7NmvMGKE7VkF5UHaz0I.jpg,206.185,7.741
212,Renfield,649609,en,https://image.tmdb.org/t/p/original'/jG83l0tDwoQj3hBAioIsJ5rTPHw.jpg,40.402,6.564
213,The Little Mermaid,447277,en,https://image.tmdb.org/t/p/original'/ym1dxyOk4jFcSl4Q2zmRrA5BEEN.jpg,122.962,6.38
214,Enola Holmes 2,829280,en,https://image.tmdb.org/t/p/original'/tegBpjM5ODoYoM1NjaiHVLEA0QM.jpg,33.131,7.404
215,Enola Holmes,497582,en,https://image.tmdb.org/t/p/original'/riYInlsq2kf1AWoGm80JQW5dLKp.jpg,32.116,7.286
216,Rocky,1366,en,https://image.tmdb.org/t/p/original'/cqxg1CihGR5ge0i1wYXr4Rdeppu.jpg,379.675,7.787
217,Before Midnight,132344,en,https://image.tmdb.org/t/p/original'/qbGKJmNUroDz75kh5Oafoall89e.jpg,24.655,7.512
218,Before Sunset,80,en,https://image.tmdb.org/t/p/original'/gycdE1ARByGQcK4fYR2mgpU6OO.jpg,25.623,7.819
219,Before Sunrise,76,en,https://image.tmdb.org/t/p/original'/kf1Jb1c2JAOqjuzA3H4oDM263uB.jpg,37.456,7.97
220,Desert Flower,33997,en,https://image.tmdb.org/t/p/original'/xjeWO3QLyFZGnM7phfkOMINZ8Is.jpg,18.557,7.579
221,The Lobster,254320,en,https://image.tmdb.org/t/p/original'/7Y9ILV1unpW9mLpGcqyGQU72LUy.jpg,121.678,7.047
222,10 Cloverfield Lane,333371,en,https://image.tmdb.org/t/p/original'/84Dhwz93vCin6T1PX6ctSvWEuNE.jpg,109.248,6.989
223,Snowden,302401,en,https://image.tmdb.org/t/p/original'/yfK7zxNL63VWfluFuoUaJj5PdNw.jpg,22.388,7.103
224,Spider-Man: Across the Spider-Verse,569094,en,https://image.tmdb.org/t/p/original'/8Vt6mWEReuy4Of61Lnj5Xj704m8.jpg,206.57,8.363
225,Guardians of the Galaxy Vol. 3,447365,en,https://image.tmdb.org/t/p/original'/r2J02Z2OpNTctfOSN1Ydgii51I3.jpg,144.132,7.973
226,Awakenings,11005,en,https://image.tmdb.org/t/p/original'/9gztZXuHLG6AJ0fgqGd7Q43cWRI.jpg,55.529,7.764
227,Confessions of a Shopaholic,20048,en,https://image.tmdb.org/t/p/original'/6DH1iP06fcpjD7tppsTwcAyZfDR.jpg,26.314,6.464
228,Deadpool 2,383498,en,https://image.tmdb.org/t/p/original'/to0spRl1CMDvyUbOnbb4fTk3VAd.jpg,319.123,7.5
229,Deadpool,293660,en,https://image.tmdb.org/t/p/original'/fSRb7vyIP8rQpL0I47P3qUsEKX3.jpg,427.085,7.613
230,Uncut Gems,473033,en,https://image.tmdb.org/t/p/original'/6XN1vxHc7kUSqNWtaQKN45J5x2v.jpg,239.839,7.2
231,The Help,50014,en,https://image.tmdb.org/t/p/original'/7XLSwxpfpPoJyTdJVot6a42TS2V.jpg,134.174,8.209
232,Billionaire Boys Club,385360,en,https://image.tmdb.org/t/p/original'/7EpC1etIcUQxqPnBz0CpHLp3evv.jpg,16.811,5.688
233,Spirited Away,129,ja,https://image.tmdb.org/t/p/original'/39wmItIWsg5sZMyRUHLkWBcuVCM.jpg,114.889,8.536
234,Before Sunrise,76,en,https://image.tmdb.org/t/p/original'/kf1Jb1c2JAOqjuzA3H4oDM263uB.jpg,37.456,7.97
235,Barbie,346698,en,https://image.tmdb.org/t/p/original'/iuFNMS8U5cb6xfzi51Dbkovj7vM.jpg,480.566,7.1
236,The Menu,593643,en,https://image.tmdb.org/t/p/original'/v31MsWhF9WFh7Qooq6xSBbmJxoG.jpg,100.063,7.184
237,Elemental,976573,en,https://image.tmdb.org/t/p/original'/4Y1WNkd88JXmGfhtWR7dmDAo1T2.jpg,208.861,7.66
238,"Crazy, Stupid, Love.",50646,en,https://image.tmdb.org/t/p/original'/p4RafgAPk558muOjnBMHhMArjS2.jpg,45.931,7.257
239,Superbad,8363,en,https://image.tmdb.org/t/p/original'/ek8e8txUyUwd2BNqj6lFEerJfbq.jpg,65.935,7.247
240,Cruella,337404,en,https://image.tmdb.org/t/p/original'/wToO8opxkGwKgSfJ1JK8tGvkG6U.jpg,83.876,8.024
241,"To Wong Foo, Thanks for Everything! Julie Newmar",9090,en,https://image.tmdb.org/t/p/original'/8bkJiI6N8wDxAtQ49bLUt0qCBII.jpg,23.221,7.297
242,The Day After Tomorrow,435,en,https://image.tmdb.org/t/p/original'/Wr4HeYQRvwVCxzOV5TmGE7UkXq.jpg,46.11,6.529
243,The Day the Earth Stood Still,10200,en,https://image.tmdb.org/t/p/original'/mrw9NShY6I2FgXwk8Ge437pn08N.jpg,37.722,5.608
244,Percy Jackson & the Olympians: The Lightning Thief,32657,en,https://image.tmdb.org/t/p/original'/8wmqmvJknPv6WptTRSA9kGUkPV7.jpg,65.289,6.215
245,Fire of Love,913823,en,https://image.tmdb.org/t/p/original'/9smEX8UP84yb2GisLwyAyQKvCWS.jpg,9.963,7.527
246,No Hard Feelings,884605,en,https://image.tmdb.org/t/p/original'/4K7gQjD19CDEPd7A9KZwr2D9Nco.jpg,58.504,6.826
247,Kick-Ass,23483,en,https://image.tmdb.org/t/p/original'/8citjdBmjddZjlPsAHEyCKwGVvD.jpg,45.452,7.125
248,Kick-Ass 2,59859,en,https://image.tmdb.org/t/p/original'/1go2A3gdQjaMuHWquybgoJlQRcX.jpg,35.573,6.401
249,Instant Family,491418,en,https://image.tmdb.org/t/p/original'/xYV1mODz99w7AjKDSQ7h2mzZhVe.jpg,36.71,7.527
250,Just Friends,10033,en,https://image.tmdb.org/t/p/original'/jgs2mdFlx8NJzbxXTHeQxvQbN6n.jpg,22.366,6.178
251,Bo Burnham: Inside,823754,en,https://image.tmdb.org/t/p/original'/ku1UvTWYvhFQbSesOD6zteY7bXT.jpg,16.403,8.059
252,Godzilla,124905,en,https://image.tmdb.org/t/p/original'/zokD6uxR2iWfYM3Y84yGJvnNTK7.jpg,96.698,6.333
253,Kong: Skull Island,293167,en,https://image.tmdb.org/t/p/original'/r2517Vz9EhDhj88qwbDVj8DCRZN.jpg,235.831,6.539
254,Godzilla: King of the Monsters,373571,en,https://image.tmdb.org/t/p/original'/fQ40gmFM4p03tXwMxQQKh2cCBW4.jpg,109.631,6.701
255,Thank You for Smoking,9388,en,https://image.tmdb.org/t/p/original'/xIlQYkRjpGBMXDkZoS3IRcckScA.jpg,21.919,7.192
256,Crying Ladies,133688,tl,https://image.tmdb.org/t/p/original'/lwsGb1wHN56JKQywqTeB9ZeZ53v.jpg,2.22,4.7
257,Godzilla vs. Kong,399566,en,https://image.tmdb.org/t/p/original'/pgqgaUx1cJb5oZQQ5v0tNARCeBp.jpg,123.613,7.618
258,(500) Days of Summer,19913,en,https://image.tmdb.org/t/p/original'/f9mbM0YMLpYemcWx6o2WeiYQLDP.jpg,45.064,7.282
259,Notting Hill,509,en,https://image.tmdb.org/t/p/original'/hHRIf2XHeQMbyRb3HUx19SF5Ujw.jpg,163.922,7.3
260,Asteroid City,747188,en,https://image.tmdb.org/t/p/original'/qdq40gRS8xKnpFt5V75t6lUHgpx.jpg,52.467,6.483
261,Finch,522402,en,https://image.tmdb.org/t/p/original'/jKuDyqx7jrjiR9cDzB5pxzhJAdv.jpg,37.58,7.895
262,Godzilla Minus One,940721,ja,https://image.tmdb.org/t/p/original'/hkxxMIGaiCTmrEArK7J56JTKUlB.jpg,1006.167,7.661
263,GoodFellas,769,en,https://image.tmdb.org/t/p/original'/aKuFiU82s5ISJpGZp7YkIr3kCUd.jpg,255.64,8.465
264,Perfect Days,976893,ja,https://image.tmdb.org/t/p/original'/tvUHVSTJV9ITON3oyHaWp7oaAc8.jpg,95.16,7.836
265,Lost in Translation,153,en,https://image.tmdb.org/t/p/original'/4k4Yz08WGfbu8ITIjaG99XTeco8.jpg,100.501,7.395
266,Crazy Rich Asians,455207,en,https://image.tmdb.org/t/p/original'/1XxL4LJ5WHdrcYcihEZUCgNCpAW.jpg,171.031,7.066
267,The Best Offer,152742,it,https://image.tmdb.org/t/p/original'/yfbsINSfotAHaeWKJbfsVKSckvq.jpg,22.783,7.828
268,Jojo Rabbit,515001,en,https://image.tmdb.org/t/p/original'/7GsM4mtM0worCtIVeiQt28HieeN.jpg,37.506,8.025
269,Avengers: Endgame,299534,en,https://image.tmdb.org/t/p/original'/or06FN3Dka5tukK1e9sl16pB3iy.jpg,240.198,8.253
270,Murder on the Orient Express,392044,en,https://image.tmdb.org/t/p/original'/kc2gJjebceoFgOQbukzPzP8SXVZ.jpg,52.65,6.712
271,"Planes, Trains and Automobiles",2609,en,https://image.tmdb.org/t/p/original'/3RSucVsX96Ste8WDJfZP1hbNGqQ.jpg,26.537,7.239
272,The Batman,414906,en,https://image.tmdb.org/t/p/original'/74xTEgt7R36Fpooo50r9T25onhq.jpg,445.215,7.677
273,The Marvels,609681,en,https://image.tmdb.org/t/p/original'/9GBhzXMFjgcZ3FdR9w3bUMMTps5.jpg,376.424,6.1
274,Annihilation,300668,en,https://image.tmdb.org/t/p/original'/1dRweZy8DxGDhJFqiOA4Ni3I1ie.jpg,46.604,6.411
275,Mad Max: Fury Road,76341,en,https://image.tmdb.org/t/p/original'/hA2ple9q4qnwxp3hKVNhroipsir.jpg,453.216,7.598
276,Poor Things,792307,en,https://image.tmdb.org/t/p/original'/kCGlIMHnOm8JPXq3rXM6c5wMxcT.jpg,228.813,7.8
277,Spaceman,636706,en,https://image.tmdb.org/t/p/original'/f46WvKEsBn98WJbPJcO47ZoKn6B.jpg,60.046,6.811
278,Sunday Beauty Queen,430792,tl,https://image.tmdb.org/t/p/original'/kwahnbFcdO7LtVnybBoz83TwGIC.jpg,1.214,8.7
279,Society of the Snow,906126,es,https://image.tmdb.org/t/p/original'/2e853FDVSIso600RqAMunPxiZjq.jpg,84.358,8.067
280,Tetris,726759,en,https://image.tmdb.org/t/p/original'/4F2QwCOYHJJjecSvdOjStuVLkpu.jpg,54.562,7.726
281,Memento,77,en,https://image.tmdb.org/t/p/original'/nWtySDlffTfwAa0rSfq61o33ZXV.jpg,41.406,8.2
282,Oppenheimer,872585,en,https://image.tmdb.org/t/p/original'/8Gxv8gSFCU0XGDykEGv7zR1n2ua.jpg,561.115,8.096
283,Society of the Snow: Who Were We on the Mountain?,1232289,es,https://image.tmdb.org/t/p/original'/uHTQVdJHbPMvaOdzqlqBXFTctCp.jpg,21.738,7.5
284,Charlie's Angels,4327,en,https://image.tmdb.org/t/p/original'/u5GbILxLgfeNHCnTtTRuhmAC9i4.jpg,39.424,5.828
285,The Banshees of Inisherin,674324,en,https://image.tmdb.org/t/p/original'/4yFG6cSPaCaPhyJ1vtGOtMD1lgh.jpg,39.533,7.458
286,Leonor Will Never Die,913689,tl,https://image.tmdb.org/t/p/original'/1RhMTthNne58E2P0moPWZcJjpkC.jpg,6.437,7.6
287,The Highwaymen,500682,en,https://image.tmdb.org/t/p/original'/4bRYg4l12yDuJvAfqvUOPnBrxno.jpg,27.396,6.749
288,Horrible Bosses,51540,en,https://image.tmdb.org/t/p/original'/uQkUwgyFHAm0jGQERPG6Z9o9Zbj.jpg,44.501,6.6
289,Superhero Movie,11918,en,https://image.tmdb.org/t/p/original'/4MtvQdh5VP7jMSydhggp1P80FMj.jpg,31.328,5.243
290,Imaginary,1125311,en,https://image.tmdb.org/t/p/original'/9u6HEtZJdZDjPGGJq6YEuhPnoan.jpg,147.912,6.226
291,Tower Heist,59108,en,https://image.tmdb.org/t/p/original'/1HcOyMODYZXnncMikfhYkw3x2ss.jpg,34.242,6.095
292,Fun with Dick and Jane,7552,en,https://image.tmdb.org/t/p/original'/1NBVGBi8Z6MhJBAJ5SuRMqP7o3T.jpg,25.216,6.203
293,Imaginary,1125311,en,https://image.tmdb.org/t/p/original'/9u6HEtZJdZDjPGGJq6YEuhPnoan.jpg,147.912,6.226
294,BlacKkKlansman,487558,en,https://image.tmdb.org/t/p/original'/8jxqAvSDoneSKRczaK8v9X5gqBp.jpg,31.791,7.513
295,Se7en,807,en,https://image.tmdb.org/t/p/original'/6yoghtyTpznpBik8EngEmJskVUO.jpg,337.057,8.373
296,Horrible Bosses 2,227159,en,https://image.tmdb.org/t/p/original'/boBOkwIqgrs8noxBUSDkkicKa4K.jpg,47.449,6.181
297,The Lost City,752623,en,https://image.tmdb.org/t/p/original'/neMZH82Stu91d3iqvLdNQfqPPyl.jpg,51.817,6.526
298,Jurassic Park,329,en,https://image.tmdb.org/t/p/original'/b1xCNnyrPebIc7EWNZIa6jhb1Ww.jpg,37.228,7.946
299,Blade Runner,78,en,https://image.tmdb.org/t/p/original'/63N9uy8nd9j7Eog2axPQ8lbr3Wj.jpg,69.178,7.936
300,One Day,51828,en,https://image.tmdb.org/t/p/original'/n9jMwSg4IavdD8wqdYnyW5w3Mvp.jpg,45.556,7.4
301,Bride Wars,10521,en,https://image.tmdb.org/t/p/original'/eyXT8tmUoyHrg7YX1UVjmecHCWP.jpg,26.875,6.238
302,Godzilla x Kong: The New Empire,823464,en,https://image.tmdb.org/t/p/original'/z1p34vh7dEOnLDmyCrlUVLuoDzd.jpg,2706.072,7.244
303,Marriage Story,492188,en,https://image.tmdb.org/t/p/original'/91osxUqsq1JC0zJzB1CpAavlWu7.jpg,32.178,7.745
304,Bee Movie,5559,en,https://image.tmdb.org/t/p/original'/1xlHV0AMoXQAOPAZXLQgq39tRCJ.jpg,46.362,6.026
305,Shutter,10885,en,https://image.tmdb.org/t/p/original'/bft6OyITsxSZuTxu2oJipApLran.jpg,22.77,5.544
306,Birds of Prey (and the Fantabulous Emancipation of One Harley Quinn),495764,en,https://image.tmdb.org/t/p/original'/h4VB6m0RwcicVEZvzftYZyKXs6K.jpg,62.967,6.928
307,The Social Network,37799,en,https://image.tmdb.org/t/p/original'/n0ybibhJtQ5icDqTp8eRytcIHJx.jpg,50.5,7.365
308,Beverly Hills Cop,90,en,https://image.tmdb.org/t/p/original'/eBJEvKkhQ0tUt1dBAcTEYW6kCle.jpg,48.656,7.188
309,Downsizing,301337,en,https://image.tmdb.org/t/p/original'/5bNzInSSAXfr0MFlHfb4IoQePVx.jpg,279.498,5.35
310,Beverly Hills Cop II,96,en,https://image.tmdb.org/t/p/original'/egDakU8O5yUwpUJP9IMAUVtIDll.jpg,42.01,6.481
311,Liar Liar,1624,en,https://image.tmdb.org/t/p/original'/p1habYSdC7oD3WygQ5lynU5G5rV.jpg,40.85,6.684
312,Dune,438631,en,https://image.tmdb.org/t/p/original'/d5NXSklXo0qyIYkgV94XAgMIckC.jpg,486.363,7.781
313,Dune: Part Two,693134,en,https://image.tmdb.org/t/p/original'/czembW0Rk1Ke7lCJGahbOhdCuhV.jpg,836.038,8.168
314,Galaxy Quest,926,en,https://image.tmdb.org/t/p/original'/fZXSwgZknp81vmciTb86rw0MejV.jpg,152.321,7.06
315,Misery,1700,en,https://image.tmdb.org/t/p/original'/23Y65uWaVMpqfbZTN3CT0aei4D5.jpg,353.063,7.756
316,Hot Fuzz,4638,en,https://image.tmdb.org/t/p/original'/zPib4ukTSdXvHP9pxGkFCe34f3y.jpg,40.364,7.554
317,Ricky Stanicky,1022690,en,https://image.tmdb.org/t/p/original'/cEuX73Q1wpMypB1cr4l3MoMGpL4.jpg,98.504,6.551
318,Jurassic World Dominion,507086,en,https://image.tmdb.org/t/p/original'/kAVRgw7GgK1CfYEJq8ME6EvRIgU.jpg,159.134,6.714
319,That Thing Called Tadhana,302104,tl,https://image.tmdb.org/t/p/original/fjzwktG6MWbuUQ80XXkdIXPC03G.jpg,6.451,6.2
320,The Cabin in the Woods,22970,en,https://image.tmdb.org/t/p/original/kjDXrK3ReIwuDrpWElI5OQkKYTA.jpg,41.952,6.619
321,Enemy,181886,en,https://image.tmdb.org/t/p/original/coJzyPTkSp4RMRGdgE7pXmJbCiG.jpg,47.54,6.874
322,The Witch,310131,en,https://image.tmdb.org/t/p/original/zap5hpFCWSvdWSuPGAQyjUv2wAC.jpg,51.777,6.953
323,Glass Onion: A Knives Out Mystery,661374,en,https://image.tmdb.org/t/p/original/vDGr1YdrlfbU9wxTOdpf3zChmv9.jpg,112.331,7.048
324,A Quiet Place Part II,520763,en,https://image.tmdb.org/t/p/original/4q2hz2m8hubgvijz8Ez0T2Os2Yv.jpg,88.438,7.492
325,"tick, tick... BOOM!",537116,en,https://image.tmdb.org/t/p/original/DPmfcuR8fh8ROYXgdjrAjSGA0o.jpg,28.208,7.666
326,Nomadland,581734,en,https://image.tmdb.org/t/p/original/k5XzjWihzum1YgLMlqRDRZDmVMn.jpg,32.626,7.213
327,The Gentlemen,522627,en,https://image.tmdb.org/t/p/original/jtrhTYB7xSrJxR1vusu99nvnZ1g.jpg,60.004,7.682
328,John Wick: Chapter 3 - Parabellum,458156,en,https://image.tmdb.org/t/p/original/ziEuG1essDuWuC5lpWUaw1uXY2O.jpg,84.665,7.441
329,Colossal,339967,en,https://image.tmdb.org/t/p/original/4VOyofBd1pexblxtDZYtYIk7NI4.jpg,23.903,6.294
330,Godzilla x Kong: The New Empire,823464,en,https://image.tmdb.org/t/p/original/z1p34vh7dEOnLDmyCrlUVLuoDzd.jpg,2706.072,7.243
